id	path	name	gender	born	died	desc	sets	scores	link	wikidata	wikipedia	imslp	image
60159846	Abbott,_Jane_Bingham	Jane Bingham Abbott	Female	1851	1934	US pianist, singer and composer	1	2	https://musescore.com/openscore-lieder-corpus/sets?order=title&text=Abbott,+Jane	Q60159846	https://de.wikipedia.org/wiki/Jane_Abbott_(Komponistin)	https://imslp.org/wiki/Category:Abbott,_Jane_Bingham	
11925257	Abrams,_Harriett	Harriett Abrams	Female	1758	1821	English musician, singer, composer	1	2	https://musescore.com/openscore-lieder-corpus/sets?order=title&text=Abrams,+Harriett	Q11925257	https://en.wikipedia.org/wiki/Harriett_Abrams	https://imslp.org/wiki/Category:Abrams,_Harriett	https://upload.wikimedia.org/wikipedia/commons/c/cc/A_duet_by_Miss_Harriet_and_Miss_Theodosia_Abrams,_Harrison's_Concert,_Hanover_Square.jpg
552010	Bantock,_Granville	Granville Bantock	Male	1868	1946	British composer and conductor	1	5	https://musescore.com/openscore-lieder-corpus/sets?order=title&text=Bantock,+Granville	Q552010	https://en.wikipedia.org/wiki/Granville_Bantock	https://imslp.org/wiki/Category:Bantock,_Granville	https://upload.wikimedia.org/wikipedia/commons/8/8d/Granville_Bantock.jpg
5085825	Barnard,_Charlotte_Alington_-_aka_Claribel	Charlotte Alington Barnard	Female	1830	1869	British composer and hymnwriter	1	5	https://musescore.com/openscore-lieder-corpus/sets?order=title&text=Barnard,+Charlotte	Q5085825	https://en.wikipedia.org/wiki/Charlotte_Alington_Barnard	https://imslp.org/wiki/Category:Barnard,_Charlotte_Alington	
5566022	Barnby,_Joseph	Joseph Barnby	Male	1838	1896	British musician	1	2	https://musescore.com/openscore-lieder-corpus/sets?order=title&text=Barnby,+Joseph	Q5566022	https://en.wikipedia.org/wiki/Joseph_Barnby	https://imslp.org/wiki/Category:Barnby,_Joseph	https://upload.wikimedia.org/wikipedia/commons/b/b3/Joseph_Barnby.jpg
5403071	Barns,_Ethel	Ethel Barns	Female	1874	1948	British composer and violinist	1	1	https://musescore.com/openscore-lieder-corpus/sets?order=title&text=Barns,+Ethel	Q5403071	https://en.wikipedia.org/wiki/Ethel_Barns	https://imslp.org/wiki/Category:Barns,_Ethel	
235699	Beach,_Amy	Amy Beach	Female	1867	1944	American composer and pianist	3	10	https://musescore.com/openscore-lieder-corpus/sets?order=title&text=Beach,+Amy	Q235699	https://en.wikipedia.org/wiki/Amy_Beach	https://imslp.org/wiki/Category:Beach,_Amy_Marcy	https://upload.wikimedia.org/wikipedia/commons/9/91/Amy_March_(Cheney)_Beach,_1867-1944,_head_and_shoulders,_facing_slightly_left_LCCN2006690272.jpg
255	Beethoven,_Ludwig_van	Ludwig van Beethoven	Male	1770	1827	German composer	2	14	https://musescore.com/openscore-lieder-corpus/sets?order=title&text=Beethoven,+Ludwig	Q255	https://en.wikipedia.org/wiki/Ludwig_van_Beethoven	https://imslp.org/wiki/Category:Beethoven,_Ludwig_van	https://upload.wikimedia.org/wikipedia/commons/6/6f/Beethoven.jpg
18529943	Bianchi_Lacy,_Jane	Jane Bianchi	Female	1776	1858	English singer in London and Oudh	1	1	https://musescore.com/openscore-lieder-corpus/sets?order=title&text=Bianchi+Lacy,+Jane	Q18529943	https://en.wikipedia.org/wiki/Jane_Bianchi	https://imslp.org/wiki/Category:Bianchi_Lacy,_Jane	
1200639	Bishop,_Henry	Henry Bishop	Male	1787	1855	British composer	1	2	https://musescore.com/openscore-lieder-corpus/sets?order=title&text=Bishop,+Henry	Q1200639	https://en.wikipedia.org/wiki/Henry_Bishop_(composer)	https://imslp.org/wiki/Category:Bishop,_Henry_Rowley	https://upload.wikimedia.org/wikipedia/commons/9/9f/Sir_Henry_Rowley_Bishop_by_Isaac_Pocock.jpg
56158	Bizet,_Georges	Georges Bizet	Male	1838	1875	French composer	2	26	https://musescore.com/openscore-lieder-corpus/sets?order=title&text=Bizet,+Georges	Q56158	https://en.wikipedia.org/wiki/Georges_Bizet	https://imslp.org/wiki/Category:Bizet,_Georges	https://upload.wikimedia.org/wikipedia/commons/9/96/Georges_bizet.jpg
467452	Bonis,_Mel	Mélanie Bonis	Female	1858	1937	French composer	1	2	https://musescore.com/openscore-lieder-corpus/sets?order=title&text=Bonis,+Mel	Q467452	https://en.wikipedia.org/wiki/Mélanie_Bonis	https://imslp.org/wiki/Category:Bonis,_Mel	https://upload.wikimedia.org/wikipedia/commons/0/07/Mel_Bonis_1.jpg
230412	Boulanger,_Lili	Lili Boulanger	Female	1893	1918	French composer	2	16	https://musescore.com/openscore-lieder-corpus/sets?order=title&text=Boulanger,+Lili	Q230412	https://en.wikipedia.org/wiki/Lili_Boulanger	https://imslp.org/wiki/Category:Boulanger,_Lili	https://upload.wikimedia.org/wikipedia/commons/d/da/Lili_Boulanger_1.jpg
7527034	Boulton,_Harold	Sir Harold Boulton, 2nd Baronet	Male	1859	1935	British songwriter	1	12	https://musescore.com/openscore-lieder-corpus/sets?order=title&text=Boulton,+Harold	Q7527034	https://en.wikipedia.org/wiki/Harold_Boulton	https://imslp.org/wiki/Category:Boulton,_Harold	
7294	Brahms,_Johannes	Johannes Brahms	Male	1833	1897	German composer and pianist	18	110	https://musescore.com/openscore-lieder-corpus/sets?order=title&text=Brahms,+Johannes	Q7294	https://en.wikipedia.org/wiki/Johannes_Brahms	https://imslp.org/wiki/Category:Brahms,_Johannes	https://upload.wikimedia.org/wikipedia/commons/1/15/JohannesBrahms.jpg
366636	Bridge,_Frank	Frank Bridge	Male	1879	1941	English composer and violist	1	9	https://musescore.com/openscore-lieder-corpus/sets?order=title&text=Bridge,+Frank	Q366636	https://en.wikipedia.org/wiki/Frank_Bridge	https://imslp.org/wiki/Category:Bridge,_Frank	
4820896	Browne,_Augusta	Augusta Browne	Female	1820	1882	American composer	1	3	https://musescore.com/openscore-lieder-corpus/sets?order=title&text=Browne,+Augusta	Q4820896	https://en.wikipedia.org/wiki/Augusta_Browne	https://imslp.org/wiki/Category:Browne,_Augusta	https://upload.wikimedia.org/wikipedia/commons/4/45/Numa_Blanc_&_Cie._Lady_Augusta_Browne._1860s_(mw116799)_(cropped).jpg
1586825	Burleigh,_Harry_Thacker	Harry T. Burleigh	Male	1866	1949	American composer, arranger, and baritone	2	8	https://musescore.com/openscore-lieder-corpus/sets?order=title&text=Burleigh,+Harry	Q1586825	https://en.wikipedia.org/wiki/Harry_Burleigh	https://imslp.org/wiki/Category:Burleigh,_Harry_Thacker	https://upload.wikimedia.org/wikipedia/commons/9/96/Maud_Cuney_Hare-Harry_T_Burleigh_328.jpg
774863	Butterworth,_George	George Butterworth	Male	1885	1916	English composer	3	12	https://musescore.com/openscore-lieder-corpus/sets?order=title&text=Butterworth,+George	Q774863	https://en.wikipedia.org/wiki/George_Butterworth	https://imslp.org/wiki/Category:Butterworth,_George	
2603318	Cellier,_Alfred	Alfred Cellier	Male	1844	1891	British composer and conductor	1	1	https://musescore.com/openscore-lieder-corpus/sets?order=title&text=Cellier,+Alfred	Q2603318	https://en.wikipedia.org/wiki/Alfred_Cellier	https://imslp.org/wiki/Category:Cellier,_Alfred	https://upload.wikimedia.org/wikipedia/commons/5/57/A_Cellier,_H_J_Leslie,_B_C_Stephenson.jpg
313374	Chabrier,_Emmanuel	Emmanuel Chabrier	Male	1841	1894	French Romantic composer and pianist	1	3	https://musescore.com/openscore-lieder-corpus/sets?order=title&text=Chabrier,+Emmanuel	Q313374	https://en.wikipedia.org/wiki/Emmanuel_Chabrier	https://imslp.org/wiki/Category:Chabrier,_Emmanuel	https://upload.wikimedia.org/wikipedia/commons/c/ce/Emmanuel_Chabrier.jpg
236438	Chaminade,_Cécile	Cécile Chaminade	Female	1857	1944	French composer and pianist	1	31	https://musescore.com/openscore-lieder-corpus/sets?order=title&text=Chaminade,+Cécile	Q236438	https://en.wikipedia.org/wiki/Cécile_Chaminade	https://imslp.org/wiki/Category:Chaminade,_Cécile	https://upload.wikimedia.org/wikipedia/commons/a/ae/Cecile_chaminade.jpg
312368	Chausson,_Ernest	Ernest Chausson	Male	1855	1899	French composer	2	12	https://musescore.com/openscore-lieder-corpus/sets?order=title&text=Chausson,+Ernest	Q312368	https://en.wikipedia.org/wiki/Ernest_Chausson	https://imslp.org/wiki/Category:Chausson,_Ernest	https://upload.wikimedia.org/wikipedia/commons/1/11/Ernest_Chausson.jpg
739229	Coleridge-Taylor,_Samuel	Samuel Coleridge-Taylor	Male	1875	1912	English composer and conductor	2	8	https://musescore.com/openscore-lieder-corpus/sets?order=title&text=Coleridge-Taylor,+Samuel	Q739229	https://en.wikipedia.org/wiki/Samuel_Coleridge-Taylor	https://imslp.org/wiki/Category:Coleridge-Taylor,_Samuel	https://upload.wikimedia.org/wikipedia/commons/b/b6/Samuel_Coleridge-Taylor.jpg
706644	Corder,_Frederick	Frederick Corder	Male	1852	1932	English composer and music teacher	1	1	https://musescore.com/openscore-lieder-corpus/sets?order=title&text=Corder,+Frederick	Q706644	https://en.wikipedia.org/wiki/Frederick_Corder	https://imslp.org/wiki/Category:Corder,_Frederick	https://upload.wikimedia.org/wikipedia/commons/f/f9/Frederick_Corder_001.jpg
57257	Cornelius,_Peter	Peter Cornelius	Male	1824	1874	German composer	6	33	https://musescore.com/openscore-lieder-corpus/sets?order=title&text=Cornelius,+Peter	Q57257	https://en.wikipedia.org/wiki/Peter_Cornelius	https://imslp.org/wiki/Category:Cornelius,_Peter	https://upload.wikimedia.org/wikipedia/commons/3/34/Peter_cornelius.jpg
1452734	Cowen,_Frederic_Hymen	Frederic Hymen Cowen	Male	1852	1935	British pianist, conductor and composer	1	3	https://musescore.com/openscore-lieder-corpus/sets?order=title&text=Cowen,+Frederic	Q1452734	https://en.wikipedia.org/wiki/Frederic_Hymen_Cowen	https://imslp.org/wiki/Category:Cowen,_Frederic_Hymen	https://upload.wikimedia.org/wikipedia/commons/5/5a/FredericCowen.png
3131948	Davies,_Walford	Walford Davies	Male	1869	1941	British composer	1	8	https://musescore.com/openscore-lieder-corpus/sets?order=title&text=Davies,+Walford	Q3131948	https://en.wikipedia.org/wiki/Walford_Davies	https://imslp.org/wiki/Category:Davies,_Henry_Walford	https://upload.wikimedia.org/wikipedia/commons/0/0d/Walford_Davies_001.jpg
4700	Debussy,_Claude	Claude Debussy	Male	1862	1918	French composer	4	16	https://musescore.com/openscore-lieder-corpus/sets?order=title&text=Debussy,+Claude	Q4700	https://en.wikipedia.org/wiki/Claude_Debussy	https://imslp.org/wiki/Category:Debussy,_Claude	https://upload.wikimedia.org/wikipedia/commons/f/f9/Claude_Debussy_ca_1908,_foto_av_Félix_Nadar.jpg
312698	Delius,_Frederick	Frederick Delius	Male	1862	1934	English composer	2	6	https://musescore.com/openscore-lieder-corpus/sets?order=title&text=Delius,+Frederick	Q312698	https://en.wikipedia.org/wiki/Frederick_Delius	https://imslp.org/wiki/Category:Delius,_Frederick	https://upload.wikimedia.org/wikipedia/commons/3/37/Frederich_Delius_portrait_(5427720404)_(cropped).jpg
5364812	Dickson,_Ellen	Ellen Dickson	Female	1819	1878	English ballad composer	1	4	https://musescore.com/openscore-lieder-corpus/sets?order=title&text=Dickson,+Ellen	Q5364812	https://en.wikipedia.org/wiki/Ellen_Dickson	https://imslp.org/wiki/Category:Dickson,_Ellen	
3372712	Duchambge,_Pauline	Pauline Duchambge	Female	1776	1858	French composer	1	4	https://musescore.com/openscore-lieder-corpus/sets?order=title&text=Duchambge,+Pauline	Q3372712	https://en.wikipedia.org/wiki/Pauline_Duchambge	https://imslp.org/wiki/Category:Duchambge,_Pauline	https://upload.wikimedia.org/wikipedia/commons/4/46/Robert_Lefevre_12.jpg
179631	Elgar,_Edward	Edward Elgar	Male	1857	1934	English composer	3	10	https://musescore.com/openscore-lieder-corpus/sets?order=title&text=Elgar,+Edward	Q179631	https://en.wikipedia.org/wiki/Edward_Elgar	https://imslp.org/wiki/Category:Elgar,_Edward	https://upload.wikimedia.org/wikipedia/commons/c/ce/Edward_Elgar.jpg
17626542	Faisst,_Clara_Mathilda	Clara Mathilda Faisst	Female	1872	1948	German composer, pianist and teacher	9	27	https://musescore.com/openscore-lieder-corpus/sets?order=title&text=Faisst,+Clara	Q17626542	https://en.wikipedia.org/wiki/Clara_Mathilda_Faisst	https://imslp.org/wiki/Category:Faisst,_Clara	
5416317	Faltis,_Evelyn	Evelyn Faltis	Female	1887	1937	Bohemian composer	1	4	https://musescore.com/openscore-lieder-corpus/sets?order=title&text=Faltis,+Evelyn	Q5416317	https://en.wikipedia.org/wiki/Evelyn_Faltis	https://imslp.org/wiki/Category:Faltis,_Evelyn	
442198	Farrenc,_Louise	Louise Farrenc	Female	1804	1875	French composer, virtuosa pianist and teacher	1	1	https://musescore.com/openscore-lieder-corpus/sets?order=title&text=Farrenc,+Louise	Q442198	https://en.wikipedia.org/wiki/Louise_Farrenc	https://imslp.org/wiki/Category:Farrenc,_Louise	https://upload.wikimedia.org/wikipedia/commons/f/f5/Louise_Farrenc.jpg
104919	Fauré,_Gabriel	Gabriel Fauré	Male	1845	1924	French composer, organist, pianist and teacher	3	12	https://musescore.com/openscore-lieder-corpus/sets?order=title&text=Fauré,+Gabriel	Q104919	https://en.wikipedia.org/wiki/Gabriel_Fauré	https://imslp.org/wiki/Category:Fauré,_Gabriel	https://upload.wikimedia.org/wikipedia/commons/9/91/FauréPirou1905.jpg
5516070	Ferrari,_Gabrielle	Gabrielle Ferrari	Female	1851	1921	French pianist and composer	1	2	https://musescore.com/openscore-lieder-corpus/sets?order=title&text=Ferrari,+Gabrielle	Q5516070	https://en.wikipedia.org/wiki/Gabrielle_Ferrari	https://imslp.org/wiki/Category:Ferrari,_Gabrielle	https://upload.wikimedia.org/wikipedia/commons/1/17/Gabrielle_Ferrari.jpg
561967	Franz,_Robert	Robert Franz	Male	1815	1892	German composer	7	48	https://musescore.com/openscore-lieder-corpus/sets?order=title&text=Franz,+Robert	Q561967	https://en.wikipedia.org/wiki/Robert_Franz	https://imslp.org/wiki/Category:Franz,_Robert	https://upload.wikimedia.org/wikipedia/commons/b/b6/Robert_Franz.jpg
4492825	Freer,_Eleanor_Everest	Eleanor Everest Freer	Female	1864	1942	American composer and philanthropist	1	2	https://musescore.com/openscore-lieder-corpus/sets?order=title&text=Freer,+Eleanor	Q4492825	https://en.wikipedia.org/wiki/Eleanor_Everest_Freer	https://imslp.org/wiki/Category:Freer,_Eleanor_Everest	https://upload.wikimedia.org/wikipedia/commons/d/d8/Eleanor_Everest_Freer_1.jpg
7934272	Gabriel,_Virginia	Virginia Gabriel	Female	1825	1877	English singer and composer	1	4	https://musescore.com/openscore-lieder-corpus/sets?order=title&text=Gabriel,+Virginia	Q7934272	https://en.wikipedia.org/wiki/Virginia_Gabriel	https://imslp.org/wiki/Category:Gabriel,_Virginia	https://upload.wikimedia.org/wikipedia/commons/a/a3/Virginia_Gabriel.jpg
3490938	Gail,_Sophie	Sophie Gail	Female	1775	1819	French singer and composer	1	2	https://musescore.com/openscore-lieder-corpus/sets?order=title&text=Gail,+Sophie	Q3490938	https://en.wikipedia.org/wiki/Sophie_Gail	https://imslp.org/wiki/Category:Gail,_Sophie	https://upload.wikimedia.org/wikipedia/commons/5/5a/Sophie_Gail_d'après_Eugène_Isabey.jpg
2442794	Gambarini,_Elisabetta_de	Elisabetta de Gambarini	Female	1730	1765	British composer	1	1	https://musescore.com/openscore-lieder-corpus/sets?order=title&text=Gambarini,+Elisabetta	Q2442794	https://en.wikipedia.org/wiki/Elisabetta_de_Gambarini	https://imslp.org/wiki/Category:Gambarini,_Elisabetta_de	https://upload.wikimedia.org/wikipedia/commons/e/e1/Portrait_of_Elizabetta_de_Gambarini,_print,_frontispiece_(cropped).jpg
2355124	German,_Edward	Edward German	Male	1862	1936	English musician and composer	1	3	https://musescore.com/openscore-lieder-corpus/sets?order=title&text=German,+Edward	Q2355124	https://en.wikipedia.org/wiki/Edward_German	https://imslp.org/wiki/Category:German,_Edward	https://upload.wikimedia.org/wikipedia/commons/2/2c/Edwardgerman.jpg
465902	Gonzaga,_Chiquinha	Chiquinha Gonzaga	Female	1847	1935	Brazilian musician and composer	1	12	https://musescore.com/openscore-lieder-corpus/sets?order=title&text=Gonzaga,+Chiquinha	Q465902	https://en.wikipedia.org/wiki/Chiquinha_Gonzaga	https://imslp.org/wiki/Category:Gonzaga,_Chiquinha	https://upload.wikimedia.org/wikipedia/commons/8/80/Chiquinha_6a.jpg
180278	Gounod,_Charles	Charles Gounod	Male	1818	1893	French composer	1	6	https://musescore.com/openscore-lieder-corpus/sets?order=title&text=Gounod,+Charles	Q180278	https://en.wikipedia.org/wiki/Charles_Gounod	https://imslp.org/wiki/Category:Gounod,_Charles	https://upload.wikimedia.org/wikipedia/commons/e/e4/Charles_Gounod_(1890)_by_Nadar.jpg
2980557	Grandval,_Clémence_de	Clémence de Grandval	Female	1828	1907	French composer	3	13	https://musescore.com/openscore-lieder-corpus/sets?order=title&text=Grandval,+Clémence	Q2980557	https://en.wikipedia.org/wiki/Clémence_de_Grandval	https://imslp.org/wiki/Category:Grandval,_Clémence_de	https://upload.wikimedia.org/wikipedia/commons/0/00/Mme_de_Grandval.png
105376516	Gray,_Louisa	Louisa Gray	Female		1911	Composer of songs	1	7	https://musescore.com/openscore-lieder-corpus/sets?order=title&text=Gray,+Louisa	Q105376516		https://imslp.org/wiki/Category:Gray,_Louisa	
1472118	Greger,_Luise	Luise Greger	Female	1862	1944	German composer and pianist	4	9	https://musescore.com/openscore-lieder-corpus/sets?order=title&text=Greger,+Luise	Q1472118	https://en.wikipedia.org/wiki/Luise_Greger	https://imslp.org/wiki/Category:Greger,_Luise	https://upload.wikimedia.org/wikipedia/commons/e/ef/Luise_Greger.jpg
6152538	Guest,_Jane_Mary	Jane Mary Guest	Female	1762	1846	English composer and pianist	1	2	https://musescore.com/openscore-lieder-corpus/sets?order=title&text=Guest,+Jane	Q6152538	https://en.wikipedia.org/wiki/Jane_Mary_Guest	https://imslp.org/wiki/Category:Guest,_Jane_Mary	
323048	Gurney,_Ivor	Ivor Gurney	Male	1890	1937	British composer and poet	2	6	https://musescore.com/openscore-lieder-corpus/sets?order=title&text=Gurney,+Ivor	Q323048	https://en.wikipedia.org/wiki/Ivor_Gurney	https://imslp.org/wiki/Category:Gurney,_Ivor	
5622702	Hardelot,_Guy_d’	Guy d'Hardelot	Female	1858	1936	French-English composer	1	9	https://musescore.com/openscore-lieder-corpus/sets?order=title&text=Hardelot,+Guy	Q5622702	https://en.wikipedia.org/wiki/Guy_d'Hardelot	https://imslp.org/wiki/Category:Hardelot,_Guy_d'	https://upload.wikimedia.org/wikipedia/commons/f/fe/Guy_d-Hardelot.jpg
7349	Haydn,_Joseph	Joseph Haydn	Male	1732	1809	Austrian composer	1	10	https://musescore.com/openscore-lieder-corpus/sets?order=title&text=Haydn,+Joseph	Q7349	https://en.wikipedia.org/wiki/Joseph_Haydn	https://imslp.org/wiki/Category:Haydn,_Joseph	https://upload.wikimedia.org/wikipedia/commons/6/69/Joseph_Haydn,_målning_av_Thomas_Hardy_från_1792.jpg
57286	Hensel,_Fanny_(Mendelssohn)	Fanny Mendelssohn	Female	1805	1847	German pianist and composer	7	35	https://musescore.com/openscore-lieder-corpus/sets?order=title&text=Hensel,+Fanny	Q57286	https://en.wikipedia.org/wiki/Fanny_Mendelssohn	https://imslp.org/wiki/Category:Hensel,_Fanny	https://upload.wikimedia.org/wikipedia/commons/0/0b/Fannymendelssohn-improved.jpg
1398729	Hodges,_Faustina_Hasse	Faustina Hasse Hodges	Female	1823	1895	English-American organist and composer	1	1	https://musescore.com/openscore-lieder-corpus/sets?order=title&text=Hodges,+Faustina	Q1398729	https://en.wikipedia.org/wiki/Faustina_Hasse_Hodges	https://imslp.org/wiki/Category:Hodges,_Faustina_Hasse	https://upload.wikimedia.org/wikipedia/commons/a/ad/Small_portrait_of_Faustina_Hasse_Hodges.png
464636	Holmès,_Augusta_Mary_Anne	Augusta Holmès	Female	1847	1903	French composer	9	73	https://musescore.com/openscore-lieder-corpus/sets?order=title&text=Holmès,+Augusta	Q464636	https://en.wikipedia.org/wiki/Augusta_Holmès	https://imslp.org/wiki/Category:Holmès,_Augusta_Mary_Anne	https://upload.wikimedia.org/wikipedia/commons/4/4c/Augusta_Holmes.jpg
5702488	Hopekirk,_Helen	Helen Hopekirk	Female	1856	1945	American pianist and composer of Scottish descent	1	1	https://musescore.com/openscore-lieder-corpus/sets?order=title&text=Hopekirk,+Helen	Q5702488	https://en.wikipedia.org/wiki/Helen_Hopekirk	https://imslp.org/wiki/Category:Hopekirk,_Helen	https://upload.wikimedia.org/wikipedia/commons/0/0f/Hopekirk.jpg
4749174	Horrocks,_Amy_Elsie	Amy Elsie Horrocks	Female	1867	1920	English pianist and composer	1	4	https://musescore.com/openscore-lieder-corpus/sets?order=title&text=Horrocks,+Amy	Q4749174	https://en.wikipedia.org/wiki/Amy_Elsie_Horrocks	https://imslp.org/wiki/Category:Horrocks,_Amy_Elsie	
5046241	Jacobs-Bond,_Carrie	Carrie Jacobs-Bond	Female	1862	1946	American composer	2	5	https://musescore.com/openscore-lieder-corpus/sets?order=title&text=Jacobs-Bond,+Carrie	Q5046241	https://en.wikipedia.org/wiki/Carrie_Jacobs-Bond	https://imslp.org/wiki/Category:Jacobs-Bond,_Carrie	https://upload.wikimedia.org/wikipedia/commons/b/bb/Carrie_Jacobs-Bond,_Who's_who_among_the_women_of_California.jpg
2706282	Jaëll,_Marie	Marie Jaëll	Female	1846	1925	French composer	3	17	https://musescore.com/openscore-lieder-corpus/sets?order=title&text=Jaëll,+Marie	Q2706282	https://en.wikipedia.org/wiki/Marie_Jaëll	https://imslp.org/wiki/Category:Jaëll,_Marie	https://upload.wikimedia.org/wikipedia/commons/0/0c/Marie_Jaell-Jeune_femme.jpg
191499	Joplin,_Scott	Scott Joplin	Male	1868	1917	American composer, musician, and pianist	1	1	https://musescore.com/openscore-lieder-corpus/sets?order=title&text=Joplin,+Scott	Q191499	https://en.wikipedia.org/wiki/Scott_Joplin	https://imslp.org/wiki/Category:Joplin,_Scott	https://upload.wikimedia.org/wikipedia/commons/6/6d/Scott_Joplin.jpg
165824	Kinkel,_Johanna	Johanna Kinkel	Female	1810	1858	German composer and author, editor	8	45	https://musescore.com/openscore-lieder-corpus/sets?order=title&text=Kinkel,+Johanna	Q165824	https://en.wikipedia.org/wiki/Johanna_Kinkel	https://imslp.org/wiki/Category:Kinkel,_Johanna	https://upload.wikimedia.org/wikipedia/commons/8/80/Bildnis_Johanna_Kinkel_1840.jpg
89972	Kralik,_Mathilde	Mathilde Kralik	Female	1857	1944	Austrian pianist and composer	2	18	https://musescore.com/openscore-lieder-corpus/sets?order=title&text=Kralik,+Mathilde	Q89972	https://en.wikipedia.org/wiki/Mathilde_Kralik	https://imslp.org/wiki/Category:Kralik,_Mathilde	https://upload.wikimedia.org/wikipedia/commons/a/a3/Mathilde_Kralik.png
276246	Lang,_Josephine	Josephine Lang	Female	1815	1880	German composer	12	52	https://musescore.com/openscore-lieder-corpus/sets?order=title&text=Lang,+Josephine	Q276246	https://en.wikipedia.org/wiki/Josephine_Lang	https://imslp.org/wiki/Category:Lang,_Josephine	https://upload.wikimedia.org/wikipedia/commons/3/3d/Josephine_Caroline_Lang.jpg
467888	Le_Beau,_Luise_Adolpha	Luise Adolpha Le Beau	Female	1850	1927	German composer	2	7	https://musescore.com/openscore-lieder-corpus/sets?order=title&text=Le+Beau,+Luise	Q467888	https://en.wikipedia.org/wiki/Luise_Adolpha_Le_Beau	https://imslp.org/wiki/Category:Le_Beau,_Luise_Adolpha	https://upload.wikimedia.org/wikipedia/commons/0/0a/Luise_Adolpha_Le_Beau_1872.jpg
17479334	Lehmann,_Amelia	Amelia Lehmann	Female	1838	1903	British composer	1	5	https://musescore.com/openscore-lieder-corpus/sets?order=title&text=Lehmann,+Amelia	Q17479334	https://en.wikipedia.org/wiki/Amelia_Lehmann	https://imslp.org/wiki/Category:Lehmann,_Amelia	https://upload.wikimedia.org/wikipedia/commons/9/9b/Amelia_Lehmann_by_Rudolf_Lehmann.jpg
4887488	Lehmann,_Liza	Liza Lehmann	Female	1862	1918	English operatic soprano and composer	5	29	https://musescore.com/openscore-lieder-corpus/sets?order=title&text=Lehmann,+Liza	Q4887488	https://en.wikipedia.org/wiki/Liza_Lehmann	https://imslp.org/wiki/Category:Lehmann,_Liza	https://upload.wikimedia.org/wikipedia/commons/a/ae/Liza_Lehmann_1.jpg
107288	Liliuokalani,_Queen_of_the_Hawaiian_Islands	Liliʻuokalani	Female	1838	1917	monarch of the Hawaiian Kingdom	1	1	https://musescore.com/openscore-lieder-corpus/sets?order=title&text=Liliuokalani,+Queen	Q107288	https://en.wikipedia.org/wiki/Liliʻuokalani	https://imslp.org/wiki/Category:Liliuokalani	https://upload.wikimedia.org/wikipedia/commons/6/64/Liliuokalani,_c._1891.jpg
6761364	Lindsay,_Maria	Maria Lindsay	Female	1827	1898	British composer	1	2	https://musescore.com/openscore-lieder-corpus/sets?order=title&text=Lindsay,+Maria	Q6761364	https://en.wikipedia.org/wiki/Maria_Lindsay		
674739	Mackenzie,_Alexander	Alexander Mackenzie	Male	1847	1935	Scottish conductor and composer	3	8	https://musescore.com/openscore-lieder-corpus/sets?order=title&text=Mackenzie,+Alexander	Q674739	https://en.wikipedia.org/wiki/Alexander_Mackenzie_(composer)	https://imslp.org/wiki/Category:Mackenzie,_Alexander_Campbell	https://upload.wikimedia.org/wikipedia/commons/8/81/Alexander_mackenzie_by_spy.jpg
7304	Mahler,_Gustav	Gustav Mahler	Male	1860	1911	Austrian late-Romantic composer	2	9	https://musescore.com/openscore-lieder-corpus/sets?order=title&text=Mahler,+Gustav	Q7304	https://en.wikipedia.org/wiki/Gustav_Mahler	https://imslp.org/wiki/Category:Mahler,_Gustav	https://upload.wikimedia.org/wikipedia/commons/b/b7/Gustav-Mahler-Kohut.jpg
5460551	Marshall,_Florence_Ashton	Florence Ashton Marshall	Female	1843	1922	English writer, composer and conductor	1	2	https://musescore.com/openscore-lieder-corpus/sets?order=title&text=Marshall,+Florence	Q5460551	https://en.wikipedia.org/wiki/Florence_Ashton_Marshall	https://imslp.org/wiki/Category:Marshall,_Florence	
447851	Mayer,_Emilie	Emilie Mayer	Female	1812	1883	German composer	3	6	https://musescore.com/openscore-lieder-corpus/sets?order=title&text=Mayer,+Emilie	Q447851	https://en.wikipedia.org/wiki/Emilie_Mayer	https://imslp.org/wiki/Category:Mayer,_Emilie	https://upload.wikimedia.org/wikipedia/commons/d/d0/Emilie-mayer.jpg
46096	Mendelssohn,_Felix	Felix Mendelssohn	Male	1809	1847	German composer, pianist, organist and conductor of Jewish descent	2	12	https://musescore.com/openscore-lieder-corpus/sets?order=title&text=Mendelssohn,+Felix	Q46096	https://en.wikipedia.org/wiki/Felix_Mendelssohn	https://imslp.org/wiki/Category:Mendelssohn,_Felix	https://upload.wikimedia.org/wikipedia/commons/3/38/Felix_Mendelssohn_Bartholdy.jpg
4766585	Mounsey_Bartholomew,_Ann	Ann Mounsey	Female	1811	1891	English composer, pianist, and organist	1	7	https://musescore.com/openscore-lieder-corpus/sets?order=title&text=Mounsey+Bartholomew,+Ann	Q4766585	https://en.wikipedia.org/wiki/Ann_Mounsey		https://upload.wikimedia.org/wikipedia/commons/9/9c/Ann_S_Mounsey.jpg
4968368	Munktell,_Helena	Helena Munktell	Female	1852	1919	Swedish composer	2	12	https://musescore.com/openscore-lieder-corpus/sets?order=title&text=Munktell,+Helena	Q4968368	https://en.wikipedia.org/wiki/Helena_Munktell	https://imslp.org/wiki/Category:Munktell,_Helena	https://upload.wikimedia.org/wikipedia/commons/0/0a/Helena_Munktell.jpg
4989335	Netzel,_Laura	Laura Netzel	Female	1839	1927	Swedish composer, pianist, conductor	2	7	https://musescore.com/openscore-lieder-corpus/sets?order=title&text=Netzel,+Laura	Q4989335	https://en.wikipedia.org/wiki/Laura_Netzel	https://imslp.org/wiki/Category:Netzel,_Laura	https://upload.wikimedia.org/wikipedia/commons/f/f9/Laura_Netzel.jpg
293171	Paradis,_Maria_Theresia_von	Maria Theresia von Paradis	Female	1759	1824	Austrian musician and composer	1	12	https://musescore.com/openscore-lieder-corpus/sets?order=title&text=Paradis,+Maria	Q293171	https://en.wikipedia.org/wiki/Maria_Theresia_von_Paradis	https://imslp.org/wiki/Category:Paradis,_Maria_Theresia_von	https://upload.wikimedia.org/wikipedia/commons/0/09/F._Parmantié,_1784_-_Maria_Theresia_Paradis.jpg
1992128	Parratt,_Walter	Walter Parratt	Male	1841	1924	English organist and composer	1	13	https://musescore.com/openscore-lieder-corpus/sets?order=title&text=Parratt,+Walter	Q1992128	https://en.wikipedia.org/wiki/Walter_Parratt	https://imslp.org/wiki/Category:Parratt,_Walter	https://upload.wikimedia.org/wikipedia/commons/9/9b/Sir_Walter_Parratt.png
354250	Parry,_Hubert	Hubert Parry	Male	1848	1918	British composer and musicologist	4	8	https://musescore.com/openscore-lieder-corpus/sets?order=title&text=Parry,+Hubert	Q354250	https://en.wikipedia.org/wiki/Hubert_Parry	https://imslp.org/wiki/Category:Parry,_Charles_Hubert_Hastings	https://upload.wikimedia.org/wikipedia/commons/d/d2/Hubert_Parry_c1893cr.jpg
105407464	Phillips,_Elizabeth	Elizabeth Phillips	Female	1822	1876	English singer, song composer, actress and playwright	1	1	https://musescore.com/openscore-lieder-corpus/sets?order=title&text=Phillips,+Elizabeth	Q105407464		https://imslp.org/wiki/Category:Phillips,_Elizabeth	
5363347	Philp,_Elizabeth	Elizabeth Philp	Female	1827	1885	British singer, music educator and composer	1	2	https://musescore.com/openscore-lieder-corpus/sets?order=title&text=Philp,+Elizabeth	Q5363347	https://en.wikipedia.org/wiki/Elizabeth_Philp	https://imslp.org/wiki/Category:Philp,_Elizabeth	https://upload.wikimedia.org/wikipedia/commons/2/2f/Elizabeth_Philp.tif
4107299	Poldowski	Poldowski	Female	1880	1932	British composer	1	3	https://musescore.com/openscore-lieder-corpus/sets?order=title&text=Poldowski	Q4107299	https://en.wikipedia.org/wiki/Poldowski	https://imslp.org/wiki/Category:Poldowski	https://upload.wikimedia.org/wikipedia/commons/c/c6/Poldowski_(Régine_(née_Wieniawski),_Lady_Dean_Paul).jpg
3264560	Puget,_Loïsa	Loïsa Puget	Female	1810	1889	French composer	1	3	https://musescore.com/openscore-lieder-corpus/sets?order=title&text=Puget,+Loïsa	Q3264560	https://en.wikipedia.org/wiki/Loïsa_Puget	https://imslp.org/wiki/Category:Puget,_Loïsa	https://upload.wikimedia.org/wikipedia/commons/6/6c/Loïsa_Puget_by_Marie-Alexandre_Alophe.jpg
6688923	Reichardt,_Louise	Louise Reichardt	Female	1779	1826	German composer	4	43	https://musescore.com/openscore-lieder-corpus/sets?order=title&text=Reichardt,+Louise	Q6688923	https://en.wikipedia.org/wiki/Louise_Reichardt	https://imslp.org/wiki/Category:Reichardt,_Louise	
323117	Rootham,_Cyril	Cyril Rootham	Male	1875	1938	English organist, teacher, conductor and composer	1	1	https://musescore.com/openscore-lieder-corpus/sets?order=title&text=Rootham,+Cyril	Q323117	https://en.wikipedia.org/wiki/Cyril_Rootham	https://imslp.org/wiki/Category:Rootham,_Cyril_Bradley	https://upload.wikimedia.org/wikipedia/commons/0/01/Cyril_Bradley_Rootham.jpg
187192	Satie,_Erik	Erik Satie	Male	1866	1925	French composer and pianist	3	11	https://musescore.com/openscore-lieder-corpus/sets?order=title&text=Satie,+Erik	Q187192	https://en.wikipedia.org/wiki/Erik_Satie	https://imslp.org/wiki/Category:Satie,_Erik	https://upload.wikimedia.org/wikipedia/commons/7/77/Satie-erik-4ff9d0bde1749.jpg
64880	Schröter,_Corona	Corona Schröter	Female	1751	1802	German musician and singer	1	25	https://musescore.com/openscore-lieder-corpus/sets?order=title&text=Schröter,+Corona	Q64880	https://en.wikipedia.org/wiki/Corona_Schröter	https://imslp.org/wiki/Category:Schröter,_Corona	https://upload.wikimedia.org/wikipedia/commons/c/c2/Korona_Schröter.jpg
7312	Schubert,_Franz	Franz Schubert	Male	1797	1828	Austrian composer	10	88	https://musescore.com/openscore-lieder-corpus/sets?order=title&text=Schubert,+Franz	Q7312	https://en.wikipedia.org/wiki/Franz_Schubert	https://imslp.org/wiki/Category:Schubert,_Franz	https://upload.wikimedia.org/wikipedia/commons/1/18/Franz_Schubert_by_Wilhelm_August_Rieder_1875_larger_version.png
132232	Schumann,_Clara	Clara Wieck	Female	1819	1896	German musician and composer	4	17	https://musescore.com/openscore-lieder-corpus/sets?order=title&text=Schumann,+Clara	Q132232	https://en.wikipedia.org/wiki/Clara_Schumann	https://imslp.org/wiki/Category:Schumann,_Clara	https://upload.wikimedia.org/wikipedia/commons/e/e7/Franz_Hanfstaengl_-_Clara_Schumann_(1857).jpg
7351	Schumann,_Robert	Robert Schumann	Male	1810	1856	German composer	6	72	https://musescore.com/openscore-lieder-corpus/sets?order=title&text=Schumann,+Robert	Q7351	https://en.wikipedia.org/wiki/Robert_Schumann	https://imslp.org/wiki/Category:Schumann,_Robert	https://upload.wikimedia.org/wikipedia/commons/1/12/Robert-schumann.jpg
3568956	Shield,_William	William Shield	Male	1748	1829	British musician	1	1	https://musescore.com/openscore-lieder-corpus/sets?order=title&text=Shield,+William	Q3568956	https://en.wikipedia.org/wiki/William_Shield	https://imslp.org/wiki/Category:Shield,_William	https://upload.wikimedia.org/wikipedia/commons/b/b9/William_Shield_1795.jpg
236599	Smyth,_Ethel	Ethel Smyth	Female	1858	1944	English composer	1	1	https://musescore.com/openscore-lieder-corpus/sets?order=title&text=Smyth,+Ethel	Q236599	https://en.wikipedia.org/wiki/Ethel_Smyth	https://imslp.org/wiki/Category:Smyth,_Ethel	https://upload.wikimedia.org/wikipedia/commons/6/68/Ethel_Smyth.jpg
4800330	Somervell,_Arthur	Arthur Somervell	Male	1863	1937	British composer and art song writer	1	10	https://musescore.com/openscore-lieder-corpus/sets?order=title&text=Somervell,+Arthur	Q4800330	https://en.wikipedia.org/wiki/Arthur_Somervell	https://imslp.org/wiki/Category:Somervell,_Arthur	https://upload.wikimedia.org/wikipedia/commons/f/f8/Sir_Arthur_Somervell.jpg
368264	Stanford,_Charles_Villiers	Charles Villiers Stanford	Male	1852	1924	Irish composer, music teacher, and conductor	3	17	https://musescore.com/openscore-lieder-corpus/sets?order=title&text=Stanford,+Charles	Q368264	https://en.wikipedia.org/wiki/Charles_Villiers_Stanford	https://imslp.org/wiki/Category:Stanford,_Charles_Villiers	https://upload.wikimedia.org/wikipedia/commons/c/cf/Charles_Villiers_Stanford_c1894bw.jpg
13894	Strauss,_Richard	Richard Strauss	Male	1864	1949	German composer and orchestra director	1	4	https://musescore.com/openscore-lieder-corpus/sets?order=title&text=Strauss,+Richard	Q13894	https://en.wikipedia.org/wiki/Richard_Strauss	https://imslp.org/wiki/Category:Strauss,_Richard	https://upload.wikimedia.org/wikipedia/commons/0/08/Postcard-1910_Strauss_Richard.jpg
212692	Sullivan,_Arthur	Arthur Sullivan	Male	1842	1900	English composer of the Gilbert & Sullivan duo	1	2	https://musescore.com/openscore-lieder-corpus/sets?order=title&text=Sullivan,+Arthur	Q212692	https://en.wikipedia.org/wiki/Arthur_Sullivan	https://imslp.org/wiki/Category:Sullivan,_Arthur	https://upload.wikimedia.org/wikipedia/commons/5/53/Arthur_Sullivan_1898cr.jpg
462879	Tegnér,_Alice	Alice Tegnér	Female	1864	1943	Swedish music teacher and children's songs composer	1	2	https://musescore.com/openscore-lieder-corpus/sets?order=title&text=Tegnér,+Alice	Q462879	https://en.wikipedia.org/wiki/Alice_Tegnér	https://imslp.org/wiki/Category:Tegnér,_Alice	https://upload.wikimedia.org/wikipedia/commons/4/44/Alice_Tegnér.jpg
1487925	Thys,_Pauline	Pauline-Marie-Elisa Thys	Female	1835	1909	French composer	1	1	https://musescore.com/openscore-lieder-corpus/sets?order=title&text=Thys,+Pauline	Q1487925	https://en.wikipedia.org/wiki/Pauline_Thys	https://imslp.org/wiki/Category:Thys,_Pauline	
122998	Viardot,_Pauline	Pauline Viardot	Female	1821	1910	French mezzo-soprano and composer	3	21	https://musescore.com/openscore-lieder-corpus/sets?order=title&text=Viardot,+Pauline	Q122998	https://en.wikipedia.org/wiki/Pauline_Viardot	https://imslp.org/wiki/Category:Viardot,_Pauline	https://upload.wikimedia.org/wikipedia/commons/6/64/Pauline_Viardot-Garcia_3.jpg
1511	Wagner,_Richard	Richard Wagner	Male	1813	1883	German opera composer	1	5	https://musescore.com/openscore-lieder-corpus/sets?order=title&text=Wagner,+Richard	Q1511	https://en.wikipedia.org/wiki/Richard_Wagner	https://imslp.org/wiki/Category:Wagner,_Richard	https://upload.wikimedia.org/wikipedia/commons/9/9d/RichardWagner.jpg
934413	Warlock,_Peter	Peter Warlock	Male	1894	1930	British composer and music critic	4	22	https://musescore.com/openscore-lieder-corpus/sets?order=title&text=Warlock,+Peter	Q934413	https://en.wikipedia.org/wiki/Peter_Warlock	https://imslp.org/wiki/Category:Warlock,_Peter	
190933	Webern,_Anton	Anton Webern	Male	1883	1945	Austrian composer and conductor	2	10	https://musescore.com/openscore-lieder-corpus/sets?order=title&text=Webern,+Anton	Q190933	https://en.wikipedia.org/wiki/Anton_Webern	https://imslp.org/wiki/Category:Webern,_Anton	https://upload.wikimedia.org/wikipedia/commons/1/13/Anton_Webern_(1883–1945)_1927_©_Georg_Fayer_(1891–1950)_OeNB_10450290.png
6006797	White,_Maude_Valérie	Maude Valerie White	Female	1855	1937	French-born English composer	2	6	https://musescore.com/openscore-lieder-corpus/sets?order=title&text=White,+Maude	Q6006797	https://en.wikipedia.org/wiki/Maude_Valérie_White	https://imslp.org/wiki/Category:White,_Maude_Valérie	https://upload.wikimedia.org/wikipedia/commons/a/a6/MaudeValerieWhite1901.jpg
215747	Wolf,_Hugo	Hugo Wolf	Male	1860	1903	Austrian composer	3	22	https://musescore.com/openscore-lieder-corpus/sets?order=title&text=Wolf,+Hugo	Q215747	https://en.wikipedia.org/wiki/Hugo_Wolf	https://imslp.org/wiki/Category:Wolf,_Hugo	https://upload.wikimedia.org/wikipedia/commons/4/44/Postcard-1910_Hugo_Wolf.jpg
246913	Wood,_Charles	Charles Wood	Male	1866	1926	Irish composer and teacher	1	1	https://musescore.com/openscore-lieder-corpus/sets?order=title&text=Wood,+Charles	Q246913	https://en.wikipedia.org/wiki/Charles_Wood_(composer)	https://imslp.org/wiki/Category:Wood,_Charles	https://upload.wikimedia.org/wikipedia/commons/c/c5/Charles_Wood_(composer).jpg
98799	Zumsteeg,_Emilie	Emilie Zumsteeg	Female	1796	1857	German composer, music teacher, choir conductor, singer and pianist	2	11	https://musescore.com/openscore-lieder-corpus/sets?order=title&text=Zumsteeg,+Emilie	Q98799	https://en.wikipedia.org/wiki/Emilie_Zumsteeg	https://imslp.org/wiki/Category:Zumsteeg,_Emilie	https://upload.wikimedia.org/wikipedia/commons/d/d1/Emilie_Zumsteeg,_Porträt.jpg
