id	path	name	scores	target	link	imslp	composer_id
5106766	Abbott,_Jane_Bingham/_	Other songs by Jane Bingham Abbott	2		https://musescore.com/openscore-lieder-corpus/sets/5106766		60159846
5106769	Abrams,_Harriett/_	Other songs by Harriett Abrams	2		https://musescore.com/openscore-lieder-corpus/sets/5106769		11925257
5103566	Bantock,_Granville/5_Songs_from_the_Chinese_Poets,_1st_Series	5 Songs from the Chinese Poets, 1st Series	5	5	https://musescore.com/openscore-lieder-corpus/sets/5103566	#236270	552010
5106882	Barnard,_Charlotte_Alington_-_aka_Claribel/_	Other songs by Charlotte Alington Barnard	5		https://musescore.com/openscore-lieder-corpus/sets/5106882		5085825
5105982	Barnby,_Joseph/_	Other songs by Joseph Barnby	2		https://musescore.com/openscore-lieder-corpus/sets/5105982		5566022
5106884	Barns,_Ethel/_	Other songs by Ethel Barns	1		https://musescore.com/openscore-lieder-corpus/sets/5106884		5403071
5103537	Beach,_Amy/3_Browning_Songs,_Op.44	3 Browning Songs, Op.44	3	3	https://musescore.com/openscore-lieder-corpus/sets/5103537	#522898	235699
5106666	Beach,_Amy/3_Shakespeare_Songs,_Op.37	3 Shakespeare Songs, Op.37	3	3	https://musescore.com/openscore-lieder-corpus/sets/5106666		235699
5103538	Beach,_Amy/4_Songs,_Op.51	4 Songs, Op.51	4	4	https://musescore.com/openscore-lieder-corpus/sets/5103538		235699
5032884	Beethoven,_Ludwig_van/6_Lieder,_Op.48	6 Lieder, Op.48	6	6	https://musescore.com/openscore-lieder-corpus/sets/5032884	#26415	255
5106092	Beethoven,_Ludwig_van/8_Lieder,_Op.52	8 Lieder, Op.52	8	8	https://musescore.com/openscore-lieder-corpus/sets/5106092	#472274	255
5106889	Bianchi_Lacy,_Jane/_	Other songs by Jane Bianchi	1		https://musescore.com/openscore-lieder-corpus/sets/5106889		18529943
5105780	Bishop,_Henry/_	Other songs by Henry Bishop	2		https://musescore.com/openscore-lieder-corpus/sets/5105780		1200639
5079544	Bizet,_Georges/20_Mélodies,_Op.21	20 Mélodies, Op.21	1	20	https://musescore.com/openscore-lieder-corpus/sets/5079544	#342985	56158
5079497	Bizet,_Georges/Feuilles_d’album	Feuilles d’album	6	6	https://musescore.com/openscore-lieder-corpus/sets/5079497		56158
5107411	Bonis,_Mel/_	Other songs by Mélanie Bonis	1		https://musescore.com/openscore-lieder-corpus/sets/5107411		467452
5101802	Boulanger,_Lili/_	Other songs by Lili Boulanger	3		https://musescore.com/openscore-lieder-corpus/sets/5101802		230412
5100931	Boulanger,_Lili/Clairières_dans_le_ciel	Clairières dans le ciel	13	13	https://musescore.com/openscore-lieder-corpus/sets/5100931	#25057	230412
5104057	Boulton,_Harold/12_New_Songs	12 New Songs	12	12	https://musescore.com/openscore-lieder-corpus/sets/5104057	#285334	7527034
5104578	Brahms,_Johannes/2_Gesänge,_Op.91	2 Gesänge, Op.91	2	2	https://musescore.com/openscore-lieder-corpus/sets/5104578	#39262	7294
5071658	Brahms,_Johannes/4_Gesänge,_Op.46	4 Gesänge, Op.46	4	4	https://musescore.com/openscore-lieder-corpus/sets/5071658	#79670	7294
5107949	Brahms,_Johannes/4_Serious_Songs,_Op.121	4 Serious Songs, Op.121	4	4	https://musescore.com/openscore-lieder-corpus/sets/5107949	#85424	7294
5067679	Brahms,_Johannes/4_Songs,_Op.43	4 Songs, Op.43	4	4	https://musescore.com/openscore-lieder-corpus/sets/5067679	#79666	7294
5032882	Brahms,_Johannes/5_Lieder,_Op.47	5 Lieder, Op.47	5	5	https://musescore.com/openscore-lieder-corpus/sets/5032882	#81904	7294
5096872	Brahms,_Johannes/5_Lieder,_Op.49	5 Lieder, Op.49	5	5	https://musescore.com/openscore-lieder-corpus/sets/5096872	#81909	7294
5069034	Brahms,_Johannes/5_Poems,_Op.19	5 Poems, Op.19	5	5	https://musescore.com/openscore-lieder-corpus/sets/5069034	#97696	7294
4910391	Brahms,_Johannes/6_Songs,_Op.3	6 Songs, Op.3	6	6	https://musescore.com/openscore-lieder-corpus/sets/4910391	#97681	7294
5067697	Brahms,_Johannes/6_Songs,_Op.6	6 Songs, Op.6	6	6	https://musescore.com/openscore-lieder-corpus/sets/5067697	#97689	7294
5096870	Brahms,_Johannes/6_Songs,_Op.7	6 Songs, Op.7	6	6	https://musescore.com/openscore-lieder-corpus/sets/5096870	#97691	7294
5013857	Brahms,_Johannes/7_Lieder,_Op.48	7 Lieder, Op.48	7	7	https://musescore.com/openscore-lieder-corpus/sets/5013857	#81907	7294
5096871	Brahms,_Johannes/8_Lieder_and_Romances,_Op.14	8 Lieder and Romances, Op.14	8	8	https://musescore.com/openscore-lieder-corpus/sets/5096871	#97693	7294
5033060	Brahms,_Johannes/8_Lieder_und_Gesänge,_Op.57	8 Lieder und Gesänge, Op.57	8	8	https://musescore.com/openscore-lieder-corpus/sets/5033060	#81926	7294
5071706	Brahms,_Johannes/8_Lieder_und_Gesänge,_Op.58	8 Lieder und Gesänge, Op.58	8	8	https://musescore.com/openscore-lieder-corpus/sets/5071706	#81975	7294
5032872	Brahms,_Johannes/8_Lieder_und_Gesänge,_Op.59	8 Lieder und Gesänge, Op.59	8	8	https://musescore.com/openscore-lieder-corpus/sets/5032872	#81993	7294
5033093	Brahms,_Johannes/9_Lieder_und_Gesänge,_Op.32	9 Lieder und Gesänge, Op.32	9	9	https://musescore.com/openscore-lieder-corpus/sets/5033093	#97708	7294
5033077	Brahms,_Johannes/9_Lieder_und_Gesänge,_Op.63	9 Lieder und Gesänge, Op.63	9	9	https://musescore.com/openscore-lieder-corpus/sets/5033077	#88147	7294
5103544	Bridge,_Frank/_	Other songs by Frank Bridge	9		https://musescore.com/openscore-lieder-corpus/sets/5103544		366636
5106888	Browne,_Augusta/_	Other songs by Augusta Browne	3		https://musescore.com/openscore-lieder-corpus/sets/5106888		4820896
5104072	Burleigh,_Harry_Thacker/_	Other songs by Harry T. Burleigh	3		https://musescore.com/openscore-lieder-corpus/sets/5104072		1586825
5104071	Burleigh,_Harry_Thacker/5_Songs_of_Laurence_Hope	5 Songs of Laurence Hope	5	5	https://musescore.com/openscore-lieder-corpus/sets/5104071	#238246	1586825
5103552	Butterworth,_George/_	Other songs by George Butterworth	1		https://musescore.com/openscore-lieder-corpus/sets/5103552		774863
5103550	Butterworth,_George/6_Songs_from_A_Shropshire_Lad	6 Songs from A Shropshire Lad	6	6	https://musescore.com/openscore-lieder-corpus/sets/5103550	#239744	774863
5103551	Butterworth,_George/Bredon_Hill_and_Other_Songs	Bredon Hill and Other Songs	5	5	https://musescore.com/openscore-lieder-corpus/sets/5103551		774863
5105983	Cellier,_Alfred/_	Other songs by Alfred Cellier	1		https://musescore.com/openscore-lieder-corpus/sets/5105983		2603318
5100086	Chabrier,_Emmanuel/_	Other songs by Emmanuel Chabrier	3		https://musescore.com/openscore-lieder-corpus/sets/5100086		313374
5097140	Chaminade,_Cécile/_	Other songs by Cécile Chaminade	31		https://musescore.com/openscore-lieder-corpus/sets/5097140		236438
5077648	Chausson,_Ernest/7_Mélodies,_Op.2	7 Mélodies, Op.2	7	7	https://musescore.com/openscore-lieder-corpus/sets/5077648	#16897	312368
5057842	Chausson,_Ernest/Serres_chaudes,_Op.24	Serres chaudes, Op.24	5	5	https://musescore.com/openscore-lieder-corpus/sets/5057842	#26882	312368
5103493	Coleridge-Taylor,_Samuel/_	Other songs by Samuel Coleridge-Taylor	2		https://musescore.com/openscore-lieder-corpus/sets/5103493		739229
5103497	Coleridge-Taylor,_Samuel/6_Sorrow_Songs,_Op.57	6 Sorrow Songs, Op.57	6	6	https://musescore.com/openscore-lieder-corpus/sets/5103497	#23607	739229
5105986	Corder,_Frederick/_	Other songs by Frederick Corder	1		https://musescore.com/openscore-lieder-corpus/sets/5105986		706644
5054958	Cornelius,_Peter/6_Lieder,_Op.1	6 Lieder, Op.1	6	6	https://musescore.com/openscore-lieder-corpus/sets/5054958	#24060	57257
5051360	Cornelius,_Peter/6_Lieder,_Op.5	6 Lieder, Op.5	6	6	https://musescore.com/openscore-lieder-corpus/sets/5051360	#24063	57257
5062162	Cornelius,_Peter/An_Bertha,_Op.15	An Bertha, Op.15	4	4	https://musescore.com/openscore-lieder-corpus/sets/5062162	#344852	57257
5062145	Cornelius,_Peter/Liebeslieder,_Op.4	Liebeslieder, Op.4	3	6	https://musescore.com/openscore-lieder-corpus/sets/5062145	#80149	57257
5043619	Cornelius,_Peter/Trauer_und_Trost,_Op.3	Trauer und Trost, Op.3	6	6	https://musescore.com/openscore-lieder-corpus/sets/5043619	#80679	57257
5105987	Cowen,_Frederic_Hymen/_	Other songs by Frederic Hymen Cowen	3		https://musescore.com/openscore-lieder-corpus/sets/5105987		1452734
5103573	Davies,_Walford/8_New_Nursery_Rhymes,_Op.23	8 New Nursery Rhymes, Op.23	8	8	https://musescore.com/openscore-lieder-corpus/sets/5103573	#333826	3131948
5060912	Debussy,_Claude/Ariettes_Oubliées	Ariettes Oubliées	6	6	https://musescore.com/openscore-lieder-corpus/sets/5060912	#14819	4700
5060952	Debussy,_Claude/Cinq_Poëmes_de_Baudelaire	Cinq Poëmes de Baudelaire	5	5	https://musescore.com/openscore-lieder-corpus/sets/5060952	#225776	4700
5079444	Debussy,_Claude/Trois_Chansons_de_Bilitis	Trois Chansons de Bilitis	3	3	https://musescore.com/openscore-lieder-corpus/sets/5079444	#225679	4700
5106276	Delius,_Frederick/2_Songs,_RT_V16	2 Songs, RT V/16	2	2	https://musescore.com/openscore-lieder-corpus/sets/5106276	#148197	312698
5103561	Delius,_Frederick/4_Old_English_Lyrics	4 Old English Lyrics	4	4	https://musescore.com/openscore-lieder-corpus/sets/5103561		312698
5107056	Dickson,_Ellen/_	Other songs by Ellen Dickson	4		https://musescore.com/openscore-lieder-corpus/sets/5107056		5364812
5106919	Duchambge,_Pauline/_	Other songs by Pauline Duchambge	4		https://musescore.com/openscore-lieder-corpus/sets/5106919		3372712
5103579	Elgar,_Edward/_	Other songs by Edward Elgar	1		https://musescore.com/openscore-lieder-corpus/sets/5103579		179631
5103578	Elgar,_Edward/2_Songs,_Op.60	2 Songs, Op.60	2	2	https://musescore.com/openscore-lieder-corpus/sets/5103578		179631
5103577	Elgar,_Edward/7_Lieder	7 Lieder	7	7	https://musescore.com/openscore-lieder-corpus/sets/5103577	#556602	179631
5106729	Faisst,_Clara_Mathilda/2_Kriegslieder	2 Kriegslieder	2	2	https://musescore.com/openscore-lieder-corpus/sets/5106729	#623002	17626542
5106755	Faisst,_Clara_Mathilda/2_Lieder,_Op.19	2 Lieder, Op.19	1	2	https://musescore.com/openscore-lieder-corpus/sets/5106755		17626542
5103310	Faisst,_Clara_Mathilda/2_Lieder,_Op.8	2 Lieder, Op.8	2	2	https://musescore.com/openscore-lieder-corpus/sets/5103310		17626542
5104223	Faisst,_Clara_Mathilda/4_Lieder,_Op._11	4 Lieder, Op. 11	4	4	https://musescore.com/openscore-lieder-corpus/sets/5104223		17626542
5104227	Faisst,_Clara_Mathilda/4_Lieder,_Op.1	4 Lieder, Op.1	3	4	https://musescore.com/openscore-lieder-corpus/sets/5104227		17626542
5106730	Faisst,_Clara_Mathilda/4_Lieder,_Op.18	4 Lieder, Op.18	4	4	https://musescore.com/openscore-lieder-corpus/sets/5106730		17626542
5104225	Faisst,_Clara_Mathilda/5_Lieder,_Op.3	5 Lieder, Op.3	2	5	https://musescore.com/openscore-lieder-corpus/sets/5104225		17626542
5103264	Faisst,_Clara_Mathilda/5_Lieder,_Op.4	5 Lieder, Op.4	5	5	https://musescore.com/openscore-lieder-corpus/sets/5103264	#621606 	17626542
5104226	Faisst,_Clara_Mathilda/5_Lieder,_Op.6	5 Lieder, Op.6	3	5	https://musescore.com/openscore-lieder-corpus/sets/5104226		17626542
5106920	Faltis,_Evelyn/Lieder_fernen_Gedenkens,_Op._posth	Lieder fernen Gedenkens, Op. posth.	4	4	https://musescore.com/openscore-lieder-corpus/sets/5106920	#86859	5416317
5106921	Farrenc,_Louise/_	Other songs by Louise Farrenc	1		https://musescore.com/openscore-lieder-corpus/sets/5106921		442198
5108674	Fauré,_Gabriel/3_Songs,_Op.7	3 Songs, Op.7	2	3	https://musescore.com/openscore-lieder-corpus/sets/5108674		104919
5102376	Fauré,_Gabriel/4_Songs,_Op.51	4 Songs, Op.51	4	4	https://musescore.com/openscore-lieder-corpus/sets/5102376	#291524	104919
5099424	Fauré,_Gabriel/Cinq_Mélodies,_Op.58	Cinq Mélodies, Op.58	5	5	https://musescore.com/openscore-lieder-corpus/sets/5099424	#24127	104919
5079368	Ferrari,_Gabrielle/_	Other songs by Gabrielle Ferrari	2		https://musescore.com/openscore-lieder-corpus/sets/5079368		5516070
5099780	Franz,_Robert/12_Gesänge,_Op.1	12 Gesänge, Op.1	12	12	https://musescore.com/openscore-lieder-corpus/sets/5099780	#88709	561967
5032888	Franz,_Robert/6_Gesänge,_Op.14	6 Gesänge, Op.14	6	6	https://musescore.com/openscore-lieder-corpus/sets/5032888	#295030	561967
5032875	Franz,_Robert/6_Gesänge,_Op.16	6 Gesänge, Op.16	3	6	https://musescore.com/openscore-lieder-corpus/sets/5032875	#97638	561967
5032887	Franz,_Robert/6_Gesänge,_Op.26	6 Gesänge, Op.26	1	6	https://musescore.com/openscore-lieder-corpus/sets/5032887	#97775	561967
5032885	Franz,_Robert/6_Gesänge,_Op.6	6 Gesänge, Op.6	6	6	https://musescore.com/openscore-lieder-corpus/sets/5032885	#96281	561967
5106922	Freer,_Eleanor_Everest/2_Songs,_Op.16	2 Songs, Op.16	2	2	https://musescore.com/openscore-lieder-corpus/sets/5106922	#33081	4492825
5107057	Gabriel,_Virginia/_	Other songs by Virginia Gabriel	4		https://musescore.com/openscore-lieder-corpus/sets/5107057		7934272
5107059	Gail,_Sophie/_	Other songs by Sophie Gail	2		https://musescore.com/openscore-lieder-corpus/sets/5107059		3490938
5107058	Gambarini,_Elisabetta_de/_	Other songs by Elisabetta de Gambarini	1		https://musescore.com/openscore-lieder-corpus/sets/5107058		2442794
5103585	German,_Edward/3_Spring_Songs	3 Spring Songs	3	3	https://musescore.com/openscore-lieder-corpus/sets/5103585	#167819	2355124
5107147	Gonzaga,_Chiquinha/_	Other songs by Chiquinha Gonzaga	12		https://musescore.com/openscore-lieder-corpus/sets/5107147		465902
5079369	Gounod,_Charles/6_Mélodies	6 Mélodies	6	6	https://musescore.com/openscore-lieder-corpus/sets/5079369	#518017	180278
5104018	Grandval,_Clémence_de/_	Other songs by Clémence de Grandval	6		https://musescore.com/openscore-lieder-corpus/sets/5104018		2980557
5107148	Grandval,_Clémence_de/6_Nouvelles_mélodies	6 Nouvelles mélodies	6	6	https://musescore.com/openscore-lieder-corpus/sets/5107148		2980557
5107149	Gray,_Louisa/_	Other songs by Louisa Gray	7		https://musescore.com/openscore-lieder-corpus/sets/5107149		105376516
5103397	Greger,_Luise/_	Other songs by Luise Greger	1		https://musescore.com/openscore-lieder-corpus/sets/5103397		1472118
5103381	Greger,_Luise/3_Lieder,_Opp.122-124	3 Lieder, Opp.122-124	3	3	https://musescore.com/openscore-lieder-corpus/sets/5103381	#625109	1472118
5103369	Greger,_Luise/Lieder,_Op.125	Lieder, Op.125	2	2	https://musescore.com/openscore-lieder-corpus/sets/5103369	#625315	1472118
5104240	Greger,_Luise/Plattdeutsche_Lieder,_Opp.32-34	Plattdeutsche Lieder, Opp.32-34	3	3	https://musescore.com/openscore-lieder-corpus/sets/5104240	#624890	1472118
5107150	Guest,_Jane_Mary/_	Other songs by Jane Mary Guest	2		https://musescore.com/openscore-lieder-corpus/sets/5107150		6152538
5103526	Gurney,_Ivor/_	Other songs by Ivor Gurney	1		https://musescore.com/openscore-lieder-corpus/sets/5103526		323048
5102696	Gurney,_Ivor/5_Elizabethan_Songs	5 Elizabethan Songs	5	5	https://musescore.com/openscore-lieder-corpus/sets/5102696	#281985	323048
5107151	Hardelot,_Guy_d’/_	Other songs by Guy d'Hardelot	9		https://musescore.com/openscore-lieder-corpus/sets/5107151		5622702
5105779	Haydn,_Joseph/10_Canzonets	10 Canzonets	10	10	https://musescore.com/openscore-lieder-corpus/sets/5105779	#292750	7349
5102031	Hensel,_Fanny_(Mendelssohn)/3_Lieder	3 Lieder	3	3	https://musescore.com/openscore-lieder-corpus/sets/5102031	#29138	57286
5102129	Hensel,_Fanny_(Mendelssohn)/3_Songs	3 Songs	3	3	https://musescore.com/openscore-lieder-corpus/sets/5102129	#28641	57286
5016673	Hensel,_Fanny_(Mendelssohn)/5_Lieder,_Op.10	5 Lieder, Op.10	5	5	https://musescore.com/openscore-lieder-corpus/sets/5016673	#100337	57286
5004627	Hensel,_Fanny_(Mendelssohn)/6_Lieder,_Op.1	6 Lieder, Op.1	6	6	https://musescore.com/openscore-lieder-corpus/sets/5004627	#99178	57286
5101840	Hensel,_Fanny_(Mendelssohn)/6_Lieder,_Op.7	6 Lieder, Op.7	6	6	https://musescore.com/openscore-lieder-corpus/sets/5101840	#558449	57286
5016683	Hensel,_Fanny_(Mendelssohn)/6_Lieder,_Op.9	6 Lieder, Op.9	6	6	https://musescore.com/openscore-lieder-corpus/sets/5016683	#113581	57286
5102133	Hensel,_Fanny_(Mendelssohn)/Gartenlieder,_Op.3	Gartenlieder, Op.3	6	6	https://musescore.com/openscore-lieder-corpus/sets/5102133	#558571	57286
5107152	Hodges,_Faustina_Hasse/_	Other songs by Faustina Hasse Hodges	1		https://musescore.com/openscore-lieder-corpus/sets/5107152		1398729
5101391	Holmès,_Augusta_Mary_Anne/_	Other songs by Augusta Holmès	7		https://musescore.com/openscore-lieder-corpus/sets/5101391		464636
5001717	Holmès,_Augusta_Mary_Anne/20_Mélodies	20 Mélodies	20	20	https://musescore.com/openscore-lieder-corpus/sets/5001717	#295514	464636
5101200	Holmès,_Augusta_Mary_Anne/Contes_divins	Contes divins	6	6	https://musescore.com/openscore-lieder-corpus/sets/5101200	#588987	464636
5001676	Holmès,_Augusta_Mary_Anne/Les_Heures	Les Heures	4	4	https://musescore.com/openscore-lieder-corpus/sets/5001676	#545236	464636
5001651	Holmès,_Augusta_Mary_Anne/Les_Sept_Ivresses	Les Sept Ivresses	7	7	https://musescore.com/openscore-lieder-corpus/sets/5001651	#236513	464636
5001685	Holmès,_Augusta_Mary_Anne/Les_Sérénades	Les Sérénades	5	5	https://musescore.com/openscore-lieder-corpus/sets/5001685	#112763	464636
5001731	Holmès,_Augusta_Mary_Anne/Mélodies_pour_piano_et_chant	Mélodies pour piano et chant	20	20	https://musescore.com/openscore-lieder-corpus/sets/5001731	#335938	464636
5101904	Holmès,_Augusta_Mary_Anne/Paysages_d’amour	Paysages d’amour	4	4	https://musescore.com/openscore-lieder-corpus/sets/5101904		464636
5107153	Hopekirk,_Helen/_	Other songs by Helen Hopekirk	1		https://musescore.com/openscore-lieder-corpus/sets/5107153		5702488
5107154	Horrocks,_Amy_Elsie/_	Other songs by Amy Elsie Horrocks	4		https://musescore.com/openscore-lieder-corpus/sets/5107154		4749174
5106886	Jacobs-Bond,_Carrie/_	Other songs by Carrie Jacobs-Bond	2		https://musescore.com/openscore-lieder-corpus/sets/5106886		5046241
5106885	Jacobs-Bond,_Carrie/3_Songs_as_Unpretentious_as_the_Wild_Rose	3 Songs as Unpretentious as the Wild Rose	3	3	https://musescore.com/openscore-lieder-corpus/sets/5106885	#196066	5046241
5100858	Jaëll,_Marie/4_Mélodies	4 Mélodies	4	4	https://musescore.com/openscore-lieder-corpus/sets/5100858	#511349	2706282
5103215	Jaëll,_Marie/La_mer	La mer	6	6	https://musescore.com/openscore-lieder-corpus/sets/5103215		2706282
5101248	Jaëll,_Marie/Les_Orientales	Les Orientales	7	7	https://musescore.com/openscore-lieder-corpus/sets/5101248		2706282
5103449	Joplin,_Scott/_	Other songs by Scott Joplin	1		https://musescore.com/openscore-lieder-corpus/sets/5103449		191499
5103000	Kinkel,_Johanna/3_Duetten,_Op.11	3 Duetten, Op.11	3	3	https://musescore.com/openscore-lieder-corpus/sets/5103000	#618115	165824
5103034	Kinkel,_Johanna/6_Gedichte,_Op.8	6 Gedichte, Op.8	6	6	https://musescore.com/openscore-lieder-corpus/sets/5103034	#618111	165824
5103398	Kinkel,_Johanna/6_Lieder,_Op.10	6 Lieder, Op.10	6	6	https://musescore.com/openscore-lieder-corpus/sets/5103398	#618113	165824
5104084	Kinkel,_Johanna/6_Lieder,_Op.15	6 Lieder, Op.15	6	6	https://musescore.com/openscore-lieder-corpus/sets/5104084	#618863	165824
5106651	Kinkel,_Johanna/6_Lieder,_Op.16	6 Lieder, Op.16	6	6	https://musescore.com/openscore-lieder-corpus/sets/5106651	#618494 	165824
5101845	Kinkel,_Johanna/6_Lieder,_Op.19	6 Lieder, Op.19	6	6	https://musescore.com/openscore-lieder-corpus/sets/5101845	#171873	165824
5103021	Kinkel,_Johanna/6_Lieder,_Op.6	6 Lieder, Op.6	6	6	https://musescore.com/openscore-lieder-corpus/sets/5103021	#617919	165824
5103022	Kinkel,_Johanna/6_Lieder,_Op.7	6 Lieder, Op.7	6	6	https://musescore.com/openscore-lieder-corpus/sets/5103022	#617921	165824
5103316	Kralik,_Mathilde/Blumenlieder	Blumenlieder	5	5	https://musescore.com/openscore-lieder-corpus/sets/5103316	#621212	89972
5103328	Kralik,_Mathilde/Jugend-Lieder	Jugend-Lieder	13	13	https://musescore.com/openscore-lieder-corpus/sets/5103328	#621374	89972
5102731	Lang,_Josephine/_	Other songs by Josephine Caroline Lang	2		https://musescore.com/openscore-lieder-corpus/sets/5102731		276246
5102030	Lang,_Josephine/2_Lieder,_Op.28	2 Lieder, Op.28	2	2	https://musescore.com/openscore-lieder-corpus/sets/5102030		276246
5102015	Lang,_Josephine/3_Lieder,_Op.23	3 Lieder, Op.23	3	3	https://musescore.com/openscore-lieder-corpus/sets/5102015		276246
5102907	Lang,_Josephine/3_Lieder,_Op.36	3 Lieder, Op.36	3	3	https://musescore.com/openscore-lieder-corpus/sets/5102907	#617782	276246
5102677	Lang,_Josephine/3_Lieder,_Op.8	3 Lieder, Op.8	3	3	https://musescore.com/openscore-lieder-corpus/sets/5102677	#616461	276246
5106652	Lang,_Josephine/6_Deutsche_Lieder,_Op.11	6 Deutsche Lieder, Op.11	6	6	https://musescore.com/openscore-lieder-corpus/sets/5106652	#616471	276246
5096906	Lang,_Josephine/6_Lieder,_Op.10	6 Lieder, Op.10	6	6	https://musescore.com/openscore-lieder-corpus/sets/5096906	#227283	276246
5102396	Lang,_Josephine/6_Lieder,_Op.12	6 Lieder, Op.12	6	6	https://musescore.com/openscore-lieder-corpus/sets/5102396	#616473	276246
5102397	Lang,_Josephine/6_Lieder,_Op.13	6 Lieder, Op.13	6	6	https://musescore.com/openscore-lieder-corpus/sets/5102397	#616476	276246
5032870	Lang,_Josephine/6_Lieder,_Op.25	6 Lieder, Op.25	6	6	https://musescore.com/openscore-lieder-corpus/sets/5032870	#98716	276246
5102943	Lang,_Josephine/6_Lieder,_Op.26	6 Lieder, Op.26	6	6	https://musescore.com/openscore-lieder-corpus/sets/5102943	#617266	276246
5102501	Lang,_Josephine/Lieder_des_Leids,_Op.29	Lieder des Leids, Op.29	3	3	https://musescore.com/openscore-lieder-corpus/sets/5102501	#617600	276246
5101077	Le_Beau,_Luise_Adolpha/2_Duette,_Op.6	2 Duette, Op.6	2	2	https://musescore.com/openscore-lieder-corpus/sets/5101077	#581957	467888
5106653	Le_Beau,_Luise_Adolpha/5_Lieder,_Op.7	5 Lieder, Op.7	5	5	https://musescore.com/openscore-lieder-corpus/sets/5106653	#619226	467888
5107534	Lehmann,_Amelia/_	Other songs by Amelia Lehmann	5		https://musescore.com/openscore-lieder-corpus/sets/5107534		17479334
5106657	Lehmann,_Liza/2_Seal_Songs	2 Seal Songs	2	2	https://musescore.com/openscore-lieder-corpus/sets/5106657	#626778	4887488
5103710	Lehmann,_Liza/5_Little_Love_Songs	5 Little Love Songs	5	5	https://musescore.com/openscore-lieder-corpus/sets/5103710	#172611	4887488
5103535	Lehmann,_Liza/Bird_Songs	Bird Songs	5	5	https://musescore.com/openscore-lieder-corpus/sets/5103535	#226386	4887488
5106654	Lehmann,_Liza/Songs_of_a_“Flapper”	Songs of a “Flapper”	5	5	https://musescore.com/openscore-lieder-corpus/sets/5106654	#627144	4887488
5106656	Lehmann,_Liza/Songs_of_Love_and_Spring	Songs of Love and Spring	9	12	https://musescore.com/openscore-lieder-corpus/sets/5106656	#627769	4887488
5107537	Liliuokalani,_Queen_of_the_Hawaiian_Islands/_	Other songs by Liliʻuokalani	1		https://musescore.com/openscore-lieder-corpus/sets/5107537		107288
5107146	Lindsay,_Maria/_	Other songs by Maria Lindsay	2		https://musescore.com/openscore-lieder-corpus/sets/5107146		6761364
5105990	Mackenzie,_Alexander/_	Other songs by Alexander Mackenzie	1		https://musescore.com/openscore-lieder-corpus/sets/5105990		674739
5105998	Mackenzie,_Alexander/Spring_Songs,_Op.44	Spring Songs, Op.44	7	7	https://musescore.com/openscore-lieder-corpus/sets/5105998	#241305	674739
5051725	Mahler,_Gustav/Kindertotenlieder	Kindertotenlieder	5	5	https://musescore.com/openscore-lieder-corpus/sets/5051725	#37187	7304
5026280	Mahler,_Gustav/Lieder_eines_fahrenden_Gesellen	Lieder eines fahrenden Gesellen	4	4	https://musescore.com/openscore-lieder-corpus/sets/5026280	#20510	7304
5107542	Marshall,_Florence_Ashton/_	Other songs by Florence Ashton Marshall	2		https://musescore.com/openscore-lieder-corpus/sets/5107542		5460551
5106658	Mayer,_Emilie/_	Other songs by Emilie Mayer	1		https://musescore.com/openscore-lieder-corpus/sets/5106658		447851
5100810	Mayer,_Emilie/2_Gesänge	2 Gesänge	2	2	https://musescore.com/openscore-lieder-corpus/sets/5100810	#133706	447851
5100878	Mayer,_Emilie/3_Lieder,_Op.7	3 Lieder, Op.7	3	3	https://musescore.com/openscore-lieder-corpus/sets/5100878	#133722	447851
5107543	Mounsey_Bartholomew,_Ann/Songs_of_Remembrance	Songs of Remembrance	7	7	https://musescore.com/openscore-lieder-corpus/sets/5107543	#668562	4766585
5107548	Munktell,_Helena/_	Other songs by Helena Munktell	2		https://musescore.com/openscore-lieder-corpus/sets/5107548		4968368
5107547	Munktell,_Helena/10_Songs	10 Songs	10	10	https://musescore.com/openscore-lieder-corpus/sets/5107547	#434307	4968368
5107692	Netzel,_Laura/3_Lieder,_Op.44	3 Lieder, Op.44	3	3	https://musescore.com/openscore-lieder-corpus/sets/5107692	#434411	4989335
5107693	Netzel,_Laura/4_Songs,_Op.46	4 Songs, Op.46	4	4	https://musescore.com/openscore-lieder-corpus/sets/5107693	#434426	4989335
5100884	Paradis,_Maria_Theresia_von/12_Lieder,_1786	12 Lieder, 1786	12	12	https://musescore.com/openscore-lieder-corpus/sets/5100884	#256073	293171
5106617	Parratt,_Walter/Choral_Songs_in_Honour_of_Her_Majesty_Queen_Victoria	Choral Songs in Honour of Her Majesty Queen Victoria	13	13	https://musescore.com/openscore-lieder-corpus/sets/5106617	#585417	1992128
5103547	Parry,_Hubert/_	Other songs by Hubert Parry	2		https://musescore.com/openscore-lieder-corpus/sets/5103547		354250
5103545	Parry,_Hubert/3_Songs,_Op.12	3 Songs, Op.12	2	3	https://musescore.com/openscore-lieder-corpus/sets/5103545		354250
5105656	Parry,_Hubert/English_Lyrics_(1st_Set)	English Lyrics (1st Set)	4	4	https://musescore.com/openscore-lieder-corpus/sets/5105656	#33700	354250
5107096	Phillips,_Elizabeth/_	Other songs by Elizabeth Phillips	1		https://musescore.com/openscore-lieder-corpus/sets/5107096		105407464
5107080	Philp,_Elizabeth/_	Other songs by Elizabeth Philp	2		https://musescore.com/openscore-lieder-corpus/sets/5107080		5363347
5107694	Poldowski/_	Other songs by Poldowski	3		https://musescore.com/openscore-lieder-corpus/sets/5107694		4107299
5107695	Puget,_Loïsa/_	Other songs by Loïsa Puget	3		https://musescore.com/openscore-lieder-corpus/sets/5107695		3264560
5002042	Reichardt,_Louise/Sechs_Lieder_von_Novalis,_Op.4	Sechs Lieder von Novalis, Op.4	7	7	https://musescore.com/openscore-lieder-corpus/sets/5002042	#511862	6688923
5002090	Reichardt,_Louise/Zwölf_Deutsche_und_Italiänische_Romantische_Gesänge	Zwölf Deutsche und Italiänische Romantische Gesänge	12	12	https://musescore.com/openscore-lieder-corpus/sets/5002090	#511856	6688923
5001873	Reichardt,_Louise/Zwölf_Gesänge	Zwölf Gesänge	12	12	https://musescore.com/openscore-lieder-corpus/sets/5001873	#23388	6688923
5001966	Reichardt,_Louise/Zwölf_Gesänge,_Op.3	Zwölf Gesänge, Op.3	12	12	https://musescore.com/openscore-lieder-corpus/sets/5001966	#511854	6688923
5105824	Rootham,_Cyril/_	Other songs by Cyril Rootham	1		https://musescore.com/openscore-lieder-corpus/sets/5105824		323117
5106049	Satie,_Erik/Socrate	Socrate	2	3	https://musescore.com/openscore-lieder-corpus/sets/5106049	#15779	187192
5102093	Schröter,_Corona/25_Lieder	25 Lieder	25	25	https://musescore.com/openscore-lieder-corpus/sets/5102093	#109659	64880
5101602	Schubert,_Franz/_	Other songs by Franz Schubert	3		https://musescore.com/openscore-lieder-corpus/sets/5101602		7312
5016678	Schubert,_Franz/4_Gesänge_aus_„Wilhelm_Meister“,_D.877	4 Gesänge aus „Wilhelm Meister“, D.877	4	4	https://musescore.com/openscore-lieder-corpus/sets/5016678	#62399	7312
5106080	Schubert,_Franz/4_Lieder,_Op.96	4 Lieder, Op.96	4	4	https://musescore.com/openscore-lieder-corpus/sets/5106080		7312
5004732	Schubert,_Franz/Die_schöne_Müllerin,_D.795	Die schöne Müllerin, D.795	20	20	https://musescore.com/openscore-lieder-corpus/sets/5004732	#3233	7312
5103429	Schubert,_Franz/Op.52	Op.52	7	7	https://musescore.com/openscore-lieder-corpus/sets/5103429		7312
5032890	Schubert,_Franz/Op.59	Op.59	4	4	https://musescore.com/openscore-lieder-corpus/sets/5032890		7312
5032891	Schubert,_Franz/Op.60	Op.60	2	2	https://musescore.com/openscore-lieder-corpus/sets/5032891		7312
5004836	Schubert,_Franz/Schwanengesang,_D.957	Schwanengesang, D.957	14	14	https://musescore.com/openscore-lieder-corpus/sets/5004836	#60828	7312
5015409	Schubert,_Franz/Winterreise,_D.911	Winterreise, D.911	24	24	https://musescore.com/openscore-lieder-corpus/sets/5015409	#60822	7312
5101059	Schumann,_Clara/_	Other songs by Clara Schumann	2		https://musescore.com/openscore-lieder-corpus/sets/5101059		132232
5097002	Schumann,_Clara/6_Lieder,_Op.13	6 Lieder, Op.13	6	6	https://musescore.com/openscore-lieder-corpus/sets/5097002	#348578	132232
5097034	Schumann,_Clara/6_Lieder,_Op.23	6 Lieder, Op.23	6	6	https://musescore.com/openscore-lieder-corpus/sets/5097034	#485202	132232
5016675	Schumann,_Clara/Lieder,_Op.12	Lieder, Op.12	3	3	https://musescore.com/openscore-lieder-corpus/sets/5016675	#270918	132232
5003152	Schumann,_Robert/Dichterliebe,_Op.48	Dichterliebe, Op.48	16	16	https://musescore.com/openscore-lieder-corpus/sets/5003152	#51736	7351
5016693	Schumann,_Robert/Frauenliebe_und_Leben,_Op.42	Frauenliebe und Leben, Op.42	8	8	https://musescore.com/openscore-lieder-corpus/sets/5016693	#51733	7351
5003125	Schumann,_Robert/Liederkreis,_Op.39	Liederkreis, Op.39	12	12	https://musescore.com/openscore-lieder-corpus/sets/5003125	#270920	7351
5105781	Shield,_William/_	Other songs by William Shield	1		https://musescore.com/openscore-lieder-corpus/sets/5105781		3568956
5107787	Smyth,_Ethel/3_Songs	3 Songs	1	3	https://musescore.com/openscore-lieder-corpus/sets/5107787		236599
5103592	Somervell,_Arthur/A_Shropshire_Lad	A Shropshire Lad	10	10	https://musescore.com/openscore-lieder-corpus/sets/5103592	#529227	4800330
5103541	Stanford,_Charles_Villiers/3_Songs_of_Robert_Bridges,_Op.43	3 Songs of Robert Bridges, Op.43	3	3	https://musescore.com/openscore-lieder-corpus/sets/5103541	#474472	368264
5103542	Stanford,_Charles_Villiers/A_Cycle_of_Songs,_Op.68	A Cycle of Songs, Op.68	2	9	https://musescore.com/openscore-lieder-corpus/sets/5103542	#225685	368264
5106583	Stanford,_Charles_Villiers/Songs_of_a_Roving_Celt,_Op.157	Songs of a Roving Celt, Op.157	5	5	https://musescore.com/openscore-lieder-corpus/sets/5106583	#463803	368264
5102996	Strauss,_Richard/4_Lieder,_Op.27	4 Lieder, Op.27	4	4	https://musescore.com/openscore-lieder-corpus/sets/5102996	#135548	13894
5103593	Sullivan,_Arthur/_	Other songs by Arthur Sullivan	2		https://musescore.com/openscore-lieder-corpus/sets/5103593		212692
5107708	Thys,_Pauline/_	Other songs by Pauline-Marie-Elisa Thys	1		https://musescore.com/openscore-lieder-corpus/sets/5107708		1487925
5106660	Viardot,_Pauline/_	Other songs by Pauline Viardot	8		https://musescore.com/openscore-lieder-corpus/sets/5106660		122998
5107407	Viardot,_Pauline/6_Mélodies_et_une_havanaise	6 Mélodies et une havanaise	7	7	https://musescore.com/openscore-lieder-corpus/sets/5107407		122998
5101686	Viardot,_Pauline/6_Mélodies,_VWV_1133-11371176	6 Mélodies, VWV 1133-1137/1176	6	6	https://musescore.com/openscore-lieder-corpus/sets/5101686		122998
5026081	Wagner,_Richard/5_Gedichte_für_eine_Frauenstimme_(Wesendonck-Lieder),_WWV_91	5 Gedichte für eine Frauenstimme (Wesendonck-Lieder), WWV 91	5	5	https://musescore.com/openscore-lieder-corpus/sets/5026081	#44645	1511
5103529	Warlock,_Peter/Peterisms,_Set_1	Peterisms, Set 1	3	3	https://musescore.com/openscore-lieder-corpus/sets/5103529	#272293	934413
5103530	Warlock,_Peter/Peterisms,_Set_2	Peterisms, Set 2	3	3	https://musescore.com/openscore-lieder-corpus/sets/5103530		934413
5103528	Warlock,_Peter/Saudades	Saudades	3	3	https://musescore.com/openscore-lieder-corpus/sets/5103528	#476180	934413
5103527	Warlock,_Peter/Songs	Songs	13	13	https://musescore.com/openscore-lieder-corpus/sets/5103527	#250921	934413
5108199	Webern,_Anton/5_Lieder_aus_“Der_siebente_Ring”,_Op.3	5 Lieder aus “Der siebente Ring”, Op.3	5	5	https://musescore.com/openscore-lieder-corpus/sets/5108199	#09951	190933
5108200	Webern,_Anton/5_Lieder_nach_Gedichten_von_Stefan_George,_Op.4	5 Lieder nach Gedichten von Stefan George, Op.4	5	5	https://musescore.com/openscore-lieder-corpus/sets/5108200	#28267	190933
5103540	White,_Maude_Valérie/_	Other songs by Maude Valerie White	3		https://musescore.com/openscore-lieder-corpus/sets/5103540		6006797
5103539	White,_Maude_Valérie/3_Little_Songs	3 Little Songs	3	3	https://musescore.com/openscore-lieder-corpus/sets/5103539	#629930	6006797
5013942	Wolf,_Hugo/Eichendorff-Lieder	Eichendorff-Lieder	20	20	https://musescore.com/openscore-lieder-corpus/sets/5013942	#23172	215747
5032876	Wolf,_Hugo/Goethe-Lieder	Goethe-Lieder	1	51	https://musescore.com/openscore-lieder-corpus/sets/5032876	#23129	215747
5032881	Wolf,_Hugo/Mörike-Lieder	Mörike-Lieder	1	53	https://musescore.com/openscore-lieder-corpus/sets/5032881	#22864	215747
5105774	Wood,_Charles/_	Other songs by Charles Wood	1		https://musescore.com/openscore-lieder-corpus/sets/5105774		246913
5103253	Zumsteeg,_Emilie/5_Lieder	5 Lieder	5	5	https://musescore.com/openscore-lieder-corpus/sets/5103253	#192839	98799
5103263	Zumsteeg,_Emilie/6_Lieder,_Op.4	6 Lieder, Op.4	6	6	https://musescore.com/openscore-lieder-corpus/sets/5103263	#619876	98799
